{
    "rmse": 7.342636363772128,
    "mae": 5.194194995081953,
    "r2": 0.09102252684225576
}