{
    "rmse": 7.646063888365141,
    "mae": 5.477129176605316,
    "r2": 0.014345012219329045
}